"","id","species_name","species_comment","Class"
"1","Yin_et_al_2019","Acanthochromis polycanthus",NA,"Actinopterygii"
"2","Moore_et_al_2019","Acanthochromis polycanthus","data at https://datadryad.org/stash/dataset/doi:10.5061%2Fdryad.360v97q , file m2.main.csv","Actinopterygii"
"3","Moore_et_al_2019","Acrocephalus arundinaceus","data at https://datadryad.org/stash/dataset/doi:10.5061%2Fdryad.360v97q , file m2.main.csv","Aves"
"4","Anastasiadi_et_al_2021","Acropora millepora",NA,"Hexacorallia"
"5","Yin_et_al_2019","Acyrthosiphon pisum",NA,"Insecta"
"6","Yin_et_al_2019","Aedes aegypti",NA,"Insecta"
"7","Rutkowska_et_al_2020","Aedes aegypti",NA,"Insecta"
"8","Anastasiadi_et_al_2021","Aedes albopictus",NA,"Insecta"
"9","Yin_et_al_2019","Agriophyllum squarrosum","not sure of class","Angiosperm"
"10","Moore_et_al_2019","Alces alces","data at https://datadryad.org/stash/dataset/doi:10.5061%2Fdryad.360v97q , file m2.main.csv","Mammalia"
"11","Yin_et_al_2019","Allonemobius socius",NA,"Insecta"
"12","Thayer_et_al_2018","Alopex lagopus",NA,"Mammalia"
"13","Yin_et_al_2019","Amaranthus albus",NA,"Angiosperm"
"14","Yin_et_al_2019","Amaranthus retroflexus",NA,"Angiosperm"
"15","Rutkowska_et_al_2020","Amphibolurus muricatus",NA,"Reptilia"
"16","Caixeta_et_al_2020","Ampullaceana balthica",NA,"Gastropoda"
"17","Yin_et_al_2019","Anastrepha ludens",NA,"Insecta"
"18","Yin_et_al_2019","Anopheles stephensi",NA,"Insecta"
"19","Grueber_et_al_2017","Anopheles stephensi",NA,"Insecta"
"20","Moore_et_al_2019","Anser anser","data at https://datadryad.org/stash/dataset/doi:10.5061%2Fdryad.360v97q , file m2.main.csv","Aves"
"21","Moore_et_al_2019","Aphelocoma coerulescens","data at https://datadryad.org/stash/dataset/doi:10.5061%2Fdryad.360v97q , file m2.main.csv","Aves"
"22","Anastasiadi_et_al_2021","Aphis citricidus",NA,"Insecta"
"23","Yin_et_al_2019","Aphis nerii",NA,"Insecta"
"24","Anastasiadi_et_al_2021","Apis mellifera",NA,"Insecta"
"25","Yin_et_al_2019","Apostichopus japonicus",NA,"Holothuroidea"
"26","Anastasiadi_et_al_2021","Apostichopus japonicus",NA,"Holothuroidea"
"27","Yin_et_al_2019","Arabidopsis thaliana",NA,"Angiosperm"
"28","Anastasiadi_et_al_2021","Arabidopsis thaliana",NA,"Angiosperm"
"29","Anastasiadi_et_al_2021","Arabidopsis thaliana",NA,"Angiosperm"
"30","Thayer_et_al_2018","Arctocephalus gazella",NA,"Mammalia"
"31","Anastasiadi_et_al_2021","Artemia franciscana",NA,"Branchiopoda"
"32","Yin_et_al_2019","Artemisia frigida",NA,"Angiosperm"
"33","Anastasiadi_et_al_2021","Austrofundulus limnaeus",NA,"Actinopterygii"
"34","Yin_et_al_2019","Avena barbata",NA,"Angiosperm"
"35","Caixeta_et_al_2020","Bellamya aeruginosa",NA,"Gastropoda"
"36","Caixeta_et_al_2020","Bellamya purificata",NA,"Gastropoda"
"37","Yin_et_al_2019","Bicyclus anynana",NA,"Insecta"
"38","Caixeta_et_al_2020","Biomphalaria alexandrina",NA,"Gastropoda"
"39","Caixeta_et_al_2020","Biomphalaria glabrata",NA,"Gastropoda"
"40","Caixeta_et_al_2020","Biomphalaria pfeifferi",NA,"Gastropoda"
"41","Anastasiadi_et_al_2021","Boechera stricta",NA,"Angiosperm"
"42","Anastasiadi_et_al_2021","Bos indicus",NA,"Mammalia"
"43","Anastasiadi_et_al_2021","Bos primigenius",NA,"Mammalia"
"44","Arnott_et_al_2012","Bos taurus","Does not specify but is implied tthat its domestic cows","Mammalia"
"45","Rowinski_and_Rogell_2017","Bos taurus",NA,"Mammalia"
"46","Anastasiadi_et_al_2021","Bos taurus",NA,"Mammalia"
"47","Berghanel_et_al_2017","Bos taurus","converted from Table S1","Mammalia"
"48","Moore_et_al_2016","Brachyrhaphis rhabdophora","Table S1","Actinopterygii"
"49","Moore_et_al_2016","Brachyrhaphis roseni","Table S1","Actinopterygii"
"50","Anastasiadi_et_al_2021","Brassica carinata",NA,"Angiosperm"
"51","Anastasiadi_et_al_2021","Brassica juncea",NA,"Angiosperm"
"52","Anastasiadi_et_al_2021","Brassica napus",NA,"Angiosperm"
"53","Anastasiadi_et_al_2021","Brassica napus",NA,"Angiosperm"
"54","Anastasiadi_et_al_2021","Brassica oleracea",NA,"Angiosperm"
"55","Anastasiadi_et_al_2021","Brassica rapa",NA,"Angiosperm"
"56","Yin_et_al_2019","Bromus erectus",NA,"Angiosperm"
"57","Yin_et_al_2019","Bugula neritina",NA,"Gymnolaemata"
"58","Yin_et_al_2019","Bythotrephes longimanus",NA,"Branchiopoda"
"59","Yin_et_al_2019","Cactoblastis cactorum",NA,"Insecta"
"60","Yin_et_al_2019","Caenorhabditis elegans",NA,"Chromadorea"
"61","Anastasiadi_et_al_2021","Caenorhabditis elegans",NA,"Chromadorea"
"62","Rutkowska_et_al_2020","Caenorhabditis elegans",NA,"Chromadorea"
"63","Yin_et_al_2019","Caenorhabditis remanei",NA,"Chromadorea"
"64","Anastasiadi_et_al_2021","Cajanus cajan",NA,"Angiosperm"
"65","Anastasiadi_et_al_2021","Callithrix jacchus",NA,"Mammalia"
"66","Berghanel_et_al_2017","Callithrix jacchus","converted from Table S1","Mammalia"
"67","Yin_et_al_2019","Callosobruchus maculatus",NA,"Insecta"
"68","Rutkowska_et_al_2020","Callosobruchus maculatus",NA,"Insecta"
"69","Yin_et_al_2019","Calluna vulgaris",NA,"Angiosperm"
"70","Rutkowska_et_al_2020","Campanula americana",NA,"Angiosperm"
"71","Yin_et_al_2019","Campanula americana",NA,"Angiosperm"
"72","Yin_et_al_2019","Campanula americana",NA,"Angiosperm"
"73","Anastasiadi_et_al_2021","Capra hircus",NA,"Mammalia"
"74","Grueber_et_al_2017","Capra hircus",NA,"Mammalia"
"75","Berghanel_et_al_2017","Capra hircus","converted from Table S1","Mammalia"
"76","Lee_et_al_2019","Capra hircus",NA,"Mammalia"
"77","Anastasiadi_et_al_2021","Capsicum annuum",NA,"Angiosperm"
"78","Anastasiadi_et_al_2021","Carassius gibelio",NA,"Actinopterygii"
"79","Yin_et_al_2019","Cardamine alpina",NA,"Angiosperm"
"80","Yin_et_al_2019","Cardamine alpina",NA,"Angiosperm"
"81","Moore_et_al_2019","Haemorhous mexicanus","data at https://datadryad.org/stash/dataset/doi:10.5061%2Fdryad.360v97q , file m2.main.csv","Aves"
"82","Yin_et_al_2019","Caryedon serratus",NA,"Insecta"
"83","Anastasiadi_et_al_2021","Cavia aperea",NA,"Mammalia"
"84","Rutkowska_et_al_2020","Cavia aperea",NA,"Mammalia"
"85","Burgueno_et_al_2020","Cavia porcellus",NA,"Mammalia"
"86","Anastasiadi_et_al_2021","Cavia porcellus",NA,"Mammalia"
"87","Thayer_et_al_2018","Cavia porcellus",NA,"Mammalia"
"88","Veenendaal_et_al_2012","Cavia porcellus",NA,"Mammalia"
"89","Rutkowska_et_al_2020","Cavia porcellus",NA,"Mammalia"
"90","Berghanel_et_al_2017","Cavia porcellus","converted from Table S1","Mammalia"
"91","Van_Abeelen_et_al_2012","Cavia porcellus",NA,"Mammalia"
"92","Badihian_et_al_2020","Cavia porcellus",NA,"Mammalia"
"93","Yin_et_al_2019","Centaurea hyssopifolia",NA,"Angiosperm"
"94","Yin_et_al_2019","Cerastium cerastoides",NA,"Angiosperm"
"95","Berghanel_et_al_2017","Cervus elaphus","converted from Table S1","Mammalia"
"96","Anastasiadi_et_al_2021","Channa argus",NA,"Actinopterygii"
"97","Anastasiadi_et_al_2021","Channa maculata",NA,"Actinopterygii"
"98","Moore_et_al_2019","Charadrius melodus","data at https://datadryad.org/stash/dataset/doi:10.5061%2Fdryad.360v97q , file m2.main.csv","Aves"
"99","Rutkowska_et_al_2020","Cheilomenes sexmaculata",NA,"Insecta"
"100","Yin_et_al_2019","Chenopodium album",NA,"Angiosperm"
"101","Anastasiadi_et_al_2021","Chlamydomonas reinhardtii",NA,"Chlorophyceae"
"102","Moore_et_al_2019","Chlamydotis undulata","data at https://datadryad.org/stash/dataset/doi:10.5061%2Fdryad.360v97q , file m2.main.csv","Aves"
"103","Rowinski_and_Rogell_2017","Chlorocebus sabaeus",NA,"Mammalia"
"104","Berghanel_et_al_2017","Chlorocebus pygerythrus","converted from Table S1","Mammalia"
"105","Anastasiadi_et_al_2021","Chrysanthemum morifolium",NA,"Angiosperm"
"106","Anastasiadi_et_al_2021","Chrysanthemum nankingense",NA,"Angiosperm"
"107","Yin_et_al_2019","Cimex lectularius",NA,"Insecta"
"108","Moore_et_al_2019","Cinclus cinclus","data at https://datadryad.org/stash/dataset/doi:10.5061%2Fdryad.360v97q , file m2.main.csv","Aves"
"109","Caixeta_et_al_2020","Cipangopaludina cathayensis",NA,"Gastropoda"
"110","Caixeta_et_al_2020","Cipangopaludina chinensis",NA,"Gastropoda"
"111","Rutkowska_et_al_2020","Coccinella septempunctata",NA,"Insecta"
"112","Rutkowska_et_al_2020","Coccinella transversalis",NA,"Insecta"
"113","Rutkowska_et_al_2020","Coccinella undecimpunctata",NA,"Insecta"
"114","Moore_et_al_2019","Coenagrion puella","data at https://datadryad.org/stash/dataset/doi:10.5061%2Fdryad.360v97q , file m2.main.csv","Insecta"
"115","Rutkowska_et_al_2020","Coenonympha pamphilus",NA,"Insecta"
"116","Yin_et_al_2019","Columba livia",NA,"Aves"
"117","Anastasiadi_et_al_2021","Copidosoma koehleri",NA,"Insecta"
"118","Rutkowska_et_al_2020","Cordylochernes scorpioides",NA,"Arachnida"
"119","Rowinski_and_Rogell_2017","Coregonus palaea",NA,"Actinopterygii"
"120","Caixeta_et_al_2020","Cornu aspersum",NA,"Gastropoda"
"121","Yin_et_al_2019","Coturnix coturnix",NA,"Aves"
"122","Rowinski_and_Rogell_2017","Coturnix japonica",NA,"Aves"
"123","Anastasiadi_et_al_2021","Coturnix japonica",NA,"Aves"
"124","Moore_et_al_2019","Coturnix japonica","data at https://datadryad.org/stash/dataset/doi:10.5061%2Fdryad.360v97q , file m2.main.csv","Aves"
"125","Thayer_et_al_2018","Coturnix japonica",NA,"Aves"
"126","Grueber_et_al_2017","Coturnix japonica",NA,"Aves"
"127","Rowinski_and_Rogell_2017","Crassostrea gigas",NA,"Bivalvia"
"128","Anastasiadi_et_al_2021","Crassostrea gigas",NA,"Bivalvia"
"129","Rutkowska_et_al_2020","Crassostrea gigas",NA,"Bivalvia"
"130","Anastasiadi_et_al_2021","Crocuta crocuta",NA,"Mammalia"
"131","Moore_et_al_2019","Cyanistes caeruleus","data at https://datadryad.org/stash/dataset/doi:10.5061%2Fdryad.360v97q , file m2.main.csv","Aves"
"132","Moore_et_al_2019","Cygnus olor","data at https://datadryad.org/stash/dataset/doi:10.5061%2Fdryad.360v97q , file m2.main.csv","Aves"
"133","Yin_et_al_2019","Cyprinodon variegatus",NA,"Actinopterygii"
"134","Anastasiadi_et_al_2021","Cyprinus carpio",NA,"Actinopterygii"
"135","Yin_et_al_2019","Danio rerio",NA,"Actinopterygii"
"136","Moore_et_al_2019","Danio rerio","data at https://datadryad.org/stash/dataset/doi:10.5061%2Fdryad.360v97q , file m2.main.csv","Actinopterygii"
"137","Anastasiadi_et_al_2021","Danio rerio",NA,"Actinopterygii"
"138","Williams_et_al_2021","Danio rerio","latin names not given but only four species included","Actinopterygii"
"139","Rutkowska_et_al_2020","Danio rerio",NA,"Actinopterygii"
"140","Urban_et_al_2020","Danio rerio","latin names not given but only domestic species in list","Actinopterygii"
"141","Yin_et_al_2019","Daphnia ambigua",NA,"Branchiopoda"
"142","Yin_et_al_2019","Daphnia carinata",NA,"Branchiopoda"
"143","Yin_et_al_2019","Daphnia cucullata",NA,"Branchiopoda"
"144","Yin_et_al_2019","Daphnia magna",NA,"Branchiopoda"
"145","Anastasiadi_et_al_2021","Daphnia magna",NA,"Branchiopoda"
"146","Yin_et_al_2019","Daphnia pulex",NA,"Branchiopoda"
"147","Rowinski_and_Rogell_2017","Dicentrarchus labrax",NA,"Actinopterygii"
"148","Anastasiadi_et_al_2021","Dicentrarchus labrax",NA,"Actinopterygii"
"149","Berghanel_et_al_2017","Dicotyles tajacu","converted from Table S1","Angiosperm"
"150","Yin_et_al_2019","Diodia teres",NA,"Angiosperm"
"151","Rowinski_and_Rogell_2017","Drosophila ananassae",NA,"Insecta"
"152","Rowinski_and_Rogell_2017","Drosophila birchii",NA,"Insecta"
"153","Anastasiadi_et_al_2021","Drosophila buzzatii",NA,"Insecta"
"154","Anastasiadi_et_al_2021","Drosophila koepferae",NA,"Insecta"
"155","Yin_et_al_2019","Drosophila melanogaster",NA,"Insecta"
"156","Rowinski_and_Rogell_2017","Drosophila melanogaster",NA,"Insecta"
"157","Anastasiadi_et_al_2021","Drosophila melanogaster",NA,"Insecta"
"158","Rutkowska_et_al_2020","Drosophila melanogaster",NA,"Insecta"
"159","Rutkowska_et_al_2020","Drosophila serrata",NA,"Insecta"
"160","Rutkowska_et_al_2020","Drosophila simulans",NA,"Insecta"
"161","Yin_et_al_2019","Drosophila subpulchrella",NA,"Insecta"
"162","Yin_et_al_2019","Drosophila suzukii",NA,"Insecta"
"163","Rowinski_and_Rogell_2017","Dysdercus fasciatus",NA,"Insecta"
"164","Yin_et_al_2019","Enchytraeus crypticus",NA,"Clitellata"
"165","Caixeta_et_al_2020","Eobania vermiculata",NA,"Gastropoda"
"166","Berghanel_et_al_2017","Equus ferus","converted from Table S1","Mammalia"
"167","Anastasiadi_et_al_2021","Equus ferus",NA,"Mammalia"
"168","Berghanel_et_al_2017","Equus ferus","converted from Table S1","Mammalia"
"169","Yin_et_al_2019","Erigone dentipalpis",NA,"Arachnida"
"170","Anastasiadi_et_al_2021","Eriobotrya japonica",NA,"Angiosperm"
"171","Moore_et_al_2019","Eublepharis macularius","data at https://datadryad.org/stash/dataset/doi:10.5061%2Fdryad.360v97q , file m2.main.csv","Reptilia"
"172","Moore_et_al_2019","Eulamprus quoyii","data at https://datadryad.org/stash/dataset/doi:10.5061%2Fdryad.360v97q , file m2.main.csv","Reptilia"
"173","Rutkowska_et_al_2020","Euoniticellus intermedius",NA,"Insecta"
"174","Rutkowska_et_al_2020","Evechinus chloroticus",NA,"Echinoidea"
"175","Moore_et_al_2019","Ficedula albicollis","data at https://datadryad.org/stash/dataset/doi:10.5061%2Fdryad.360v97q , file m2.main.csv","Aves"
"176","Yin_et_al_2019","Folsomia candida",NA,"Entognatha"
"177","Anastasiadi_et_al_2021","Fragaria ananassa",NA,"Angiosperm"
"178","Yin_et_al_2019","Fragaria vesca",NA,"Angiosperm"
"179","Anastasiadi_et_al_2021","Fragaria viridis",NA,"Angiosperm"
"180","Yin_et_al_2019","Fredericella sultana",NA,"Phylactolaemata"
"181","Yin_et_al_2019","Gadus morhua",NA,"Actinopterygii"
"182","Yin_et_al_2019","Galeolaria caespitosa",NA,"Polychaeta"
"183","Rutkowska_et_al_2020","Galeolaria caespitosa",NA,"Polychaeta"
"184","Yin_et_al_2019","Galinsoga quadriradiata",NA,"Angiosperm"
"185","Yin_et_al_2019","Galinsoga parviflora",NA,"Angiosperm"
"186","Grueber_et_al_2017","Galleria mellonella",NA,"Insecta"
"187","Rutkowska_et_al_2020","Galleria mellonella",NA,"Insecta"
"188","Urban_et_al_2020","Gallus gallus","latin names not given but only domestic species in list","Aves"
"189","Anastasiadi_et_al_2021","Gallus gallus",NA,"Aves"
"190","Thayer_et_al_2018","Gallus gallus",NA,"Aves"
"191","Grueber_et_al_2017","Gallus gallus",NA,"Aves"
"192","Anastasiadi_et_al_2021","Gallus gallus",NA,"Aves"
"193","Rutkowska_et_al_2020","Gallus gallus",NA,"Aves"
"194","Yin_et_al_2019","Gambusia affinis",NA,"Actinopterygii"
"195","Moore_et_al_2016","Gambusia affinis","Table S1","Actinopterygii"
"196","Moore_et_al_2016","Gambusia geiseri","Table S1","Actinopterygii"
"197","Moore_et_al_2019","Gambusia holbrooki","data at https://datadryad.org/stash/dataset/doi:10.5061%2Fdryad.360v97q , file m2.main.csv","Actinopterygii"
"198","Rutkowska_et_al_2020","Gambusia holbrooki",NA,"Actinopterygii"
"199","Moore_et_al_2016","Gambusia holbrooki","Table S1","Actinopterygii"
"200","Moore_et_al_2016","Gambusia hubbsi","Table S1","Actinopterygii"
"201","Moore_et_al_2016","Gambusia sexradiata","Table S1","Actinopterygii"
"202","Yin_et_al_2019","Gammarus fasciatus",NA,"Malocostraca"
"203","Yin_et_al_2019","Gasterosteus aculeatus",NA,"Actinopterygii"
"204","Moore_et_al_2019","Gasterosteus aculeatus","data at https://datadryad.org/stash/dataset/doi:10.5061%2Fdryad.360v97q , file m2.main.csv","Actinopterygii"
"205","Rowinski_and_Rogell_2017","Gasterosteus aculeatus",NA,"Actinopterygii"
"206","Anastasiadi_et_al_2021","Gasterosteus aculeatus",NA,"Actinopterygii"
"207","Rutkowska_et_al_2020","Gasterosteus aculeatus",NA,"Actinopterygii"
"208","Yin_et_al_2019","Genista tinctoria",NA,"Angiosperm"
"209","Anastasiadi_et_al_2021","Geranium sylvaticum",NA,"Angiosperm"
"210","Rutkowska_et_al_2020","Geranium sylvaticum",NA,"Angiosperm"
"211","Anastasiadi_et_al_2021","Gladioferens pectinatus",NA,"Maxillopoda"
"212","Snell_et_al_2012","Glycine max",NA,"Angiosperm"
"213","Anastasiadi_et_al_2021","Glycine max",NA,"Angiosperm"
"214","Yin_et_al_2019","Gnaphalium supinum",NA,"Angiosperm"
"215","Anastasiadi_et_al_2021","Gossypium hirsutum",NA,"Angiosperm"
"216","Rutkowska_et_al_2020","Gryllus bimaculatus",NA,"Insecta"
"217","Moore_et_al_2019","Gryllus integer","data at https://datadryad.org/stash/dataset/doi:10.5061%2Fdryad.360v97q , file m2.main.csv","Insecta"
"218","Moore_et_al_2019","Gryllus texensis","data at https://datadryad.org/stash/dataset/doi:10.5061%2Fdryad.360v97q , file m2.main.csv","Insecta"
"219","Rutkowska_et_al_2020","Harmonia axyridis",NA,"Insecta"
"220","Moore_et_al_2016","Heterandria formosa","Table S1","Actinopterygii"
"221","Moore_et_al_2019","Hirundo rustica","data at https://datadryad.org/stash/dataset/doi:10.5061%2Fdryad.360v97q , file m2.main.csv","Aves"
"222","Anastasiadi_et_al_2021","Hirundo rustica",NA,"Aves"
"223","Rutkowska_et_al_2020","Hydroides dirampha",NA,"Polychaeta"
"224","Yin_et_al_2019","Hydroides elegans",NA,"Polychaeta"
"225","Yin_et_al_2019","Ipomoea purpurea",NA,"Angiosperm"
"226","Yin_et_al_2019","Knautia arvensis",NA,"Angiosperm"
"227","Anastasiadi_et_al_2021","Kryptolebias marmoratus",NA,"Actinopterygii"
"228","Anastasiadi_et_al_2021","Lamprotornis superbus",NA,"Aves"
"229","Moore_et_al_2019","Larus canus","data at https://datadryad.org/stash/dataset/doi:10.5061%2Fdryad.360v97q , file m2.main.csv","Aves"
"230","Yin_et_al_2019","Larus michahellis",NA,"Aves"
"231","Anastasiadi_et_al_2021","Lavandula latifolia",NA,"Angiosperm"
"232","Anastasiadi_et_al_2021","Leptinotarsa decemlineata",NA,"Insecta"
"233","Thayer_et_al_2018","Lepus americanus",NA,"Mammalia"
"234","Moore_et_al_2019","Lestes sponsa","data at https://datadryad.org/stash/dataset/doi:10.5061%2Fdryad.360v97q , file m2.main.csv","Insecta"
"235","Yin_et_al_2019","Leucanthemopsis alpina",NA,"Angiosperm"
"236","Yin_et_al_2019","Leymus chinensis",NA,"Angiosperm"
"237","Caixeta_et_al_2020","Lissachatina fulica",NA,"Gastropoda"
"238","Caixeta_et_al_2020","Littorina littorea",NA,"Gastropoda"
"239","Rutkowska_et_al_2020","Locusta migratoria",NA,"Insecta"
"240","Yin_et_al_2019","Ludwigia hexapetala",NA,"Angiosperm"
"241","Yin_et_al_2019","Lupinus perennis",NA,"Angiosperm"
"242","Rowinski_and_Rogell_2017","Lymantria dispar",NA,"Insecta"
"243","Caixeta_et_al_2020","Lymnaea stagnalis",NA,"Gastropoda"
"244","Grueber_et_al_2017","Macaca fuscata",NA,"Mammalia"
"245","da_Silva_et_al_2021","Macaca fuscata",NA,"Mammalia"
"246","Menting_et_al_2018","Macaca fuscata","latin names not given but only domestic species in list","Mammalia"
"247","Moore_et_al_2019","Macaca mulatta","data at https://datadryad.org/stash/dataset/doi:10.5061%2Fdryad.360v97q , file m2.main.csv","Mammalia"
"248","Thayer_et_al_2018","Macaca mulatta",NA,"Mammalia"
"249","Rutkowska_et_al_2020","Macaca mulatta",NA,"Mammalia"
"250","Berghanel_et_al_2017","Macaca mulatta","converted from Table S1","Mammalia"
"251","Anastasiadi_et_al_2021","Malus domestica",NA,"Angiosperm"
"252","Anastasiadi_et_al_2021","Manduca sexta",NA,"Insecta"
"253","Moore_et_al_2019","Marmota flaviventris","data at https://datadryad.org/stash/dataset/doi:10.5061%2Fdryad.360v97q , file m2.main.csv","Mammalia"
"254","Anastasiadi_et_al_2021","Medicago sativa",NA,"Angiosperm"
"255","Yin_et_al_2019","Medicago truncatula",NA,"Angiosperm"
"256","Moore_et_al_2019","Meles meles","data at https://datadryad.org/stash/dataset/doi:10.5061%2Fdryad.360v97q , file m2.main.csv","Mammalia"
"257","Moore_et_al_2019","Melitaea cinxia","data at https://datadryad.org/stash/dataset/doi:10.5061%2Fdryad.360v97q , file m2.main.csv","Insecta"
"258","Moore_et_al_2019","Melospiza melodia","data at https://datadryad.org/stash/dataset/doi:10.5061%2Fdryad.360v97q , file m2.main.csv","Aves"
"259","Rutkowska_et_al_2020","Mesocricetus auratus",NA,"Mammalia"
"260","Berghanel_et_al_2017","Mesocricetus auratus","converted from Table S1","Mammalia"
"261","Anastasiadi_et_al_2021","Microtus ochrogaster",NA,"Mammalia"
"262","Yin_et_al_2019","Microtus oeconomus",NA,"Mammalia"
"263","Berghanel_et_al_2017","Microtus oeconomus","converted from Table S1","Mammalia"
"264","Anastasiadi_et_al_2021","Erythranthe guttata",NA,"Angiosperm"
"265","Yin_et_al_2019","Moina macrocopa",NA,"Branchiopoda"
"266","Moore_et_al_2019","Mus musculus","data at https://datadryad.org/stash/dataset/doi:10.5061%2Fdryad.360v97q , file m2.main.csv","Mammalia"
"267","Besson_et_al_2015","Mus musculus",NA,"Mammalia"
"268","Lagisz_et_al_2014","Mus musculus",NA,"Mammalia"
"269","Lagisz_et_al_2015","Mus musculus",NA,"Mammalia"
"270","Burgueno_et_al_2020","Mus musculus",NA,"Mammalia"
"271","Ribaroff_et_al_2017","Mus musculus",NA,"Mammalia"
"272","Vesterinen_et_al_2017","Mus musculus","Does not provide species list of species inclusion criteria but specifically discusses results on rats and mice","Mammalia"
"273","English_and_Uller_2016","Mus musculus","only included non insect studies as insect studies manipulated environment as larvae","Mammalia"
"274","Bonapersona_et_al_2018","Mus musculus",NA,"Mammalia"
"275","Christians_et_al_2019","Mus musculus",NA,"Mammalia"
"276","Sparling_et_al_2020","Mus musculus",NA,"Mammalia"
"277","Anastasiadi_et_al_2021","Mus musculus",NA,"Mammalia"
"278","Negri_et_al_2017","Mus musculus",NA,"Mammalia"
"279","Weaver_et_al_2020","Mus musculus","latin names not given but only three species included","Mammalia"
"280","Williams_et_al_2019","Mus musculus","latin names not given but only four species included","Mammalia"
"281","Thayer_et_al_2018","Mus musculus",NA,"Mammalia"
"282","Grueber_et_al_2017","Mus musculus",NA,"Mammalia"
"283","Veenendaal_et_al_2012","Mus musculus",NA,"Mammalia"
"284","Rutkowska_et_al_2020","Mus musculus",NA,"Mammalia"
"285","da_Silva_et_al_2021","Mus musculus",NA,"Mammalia"
"286","Xie_et_al_2016","Mus musculus",NA,"Mammalia"
"287","Brasil_et_al_2017","Mus musculus",NA,"Mammalia"
"288","Menting_et_al_2018","Mus musculus","latin names not given but only domestic species in list","Mammalia"
"289","Morahan_et_al_2020","Mus musculus",NA,"Mammalia"
"290","Hoek_et_al_2020","Mus musculus","based on Table 1","Mammalia"
"291","Goncalves_et_al_2021","Mus musculus",NA,"Mammalia"
"292","Rochester_et_al_2018","Mus musculus","converted from Table S1","Mammalia"
"293","Berghanel_et_al_2017","Mus musculus","converted from Table S1","Mammalia"
"294","Chaves_et_al_2020","Mus musculus",NA,"Mammalia"
"295","Christians_et_al_2021","Mus musculus",NA,"Mammalia"
"296","Urban_et_al_2020","Mus musculus","latin names not given but only domestic species in list","Mammalia"
"297","Dorman_et_al_2018","Mus musculus",NA,"Mammalia"
"298","Van_Abeelen_et_al_2012","Mus musculus",NA,"Mammalia"
"299","Pet_and_Brouwer-Brolsma_2016","Mus musculus",NA,"Mammalia"
"300","Menting_et_al_2019","Mus musculus",NA,"Mammalia"
"301","Badihian_et_al_2020","Mus musculus",NA,"Mammalia"
"302","Van_Cauwenbergh_et_al_2020","Mus musculus",NA,"Mammalia"
"303","Anwer_et_al_2021","Mus musculus",NA,"Mammalia"
"304","Moraes-Sousa_et_al_2021","Mus musculus",NA,"Mammalia"
"305","Yost_et_al_2019","Mus musculus",NA,"Mammalia"
"306","Anastasiadi_et_al_2021","Musa acuminata",NA,"Angiosperm"
"307","Anastasiadi_et_al_2021","Musa balbisiana",NA,"Angiosperm"
"308","Moore_et_al_2019","Myodes glareolus","data at https://datadryad.org/stash/dataset/doi:10.5061%2Fdryad.360v97q , file m2.main.csv","Mammalia"
"309","Rowinski_and_Rogell_2017","Mytilus trossulus",NA,"Bivalvia"
"310","Rowinski_and_Rogell_2017","Mytilus edulis",NA,"Bivalvia"
"311","Yin_et_al_2019","Myzus persicae",NA,"Insecta"
"312","Anastasiadi_et_al_2021","Nasonia giraulti",NA,"Insecta"
"313","Anastasiadi_et_al_2021","Nasonia vitripennis",NA,"Insecta"
"314","Rowinski_and_Rogell_2017","Nauphoeta cinerea",NA,"Insecta"
"315","Moore_et_al_2019","Negaprion brevirostris","data at https://datadryad.org/stash/dataset/doi:10.5061%2Fdryad.360v97q , file m2.main.csv","Chondrichthyles"
"316","Rowinski_and_Rogell_2017","Nicrophorus pustulatus",NA,"Insecta"
"317","Moore_et_al_2019","Nicrophorus vespilloides","data at https://datadryad.org/stash/dataset/doi:10.5061%2Fdryad.360v97q , file m2.main.csv","Insecta"
"318","Yin_et_al_2019","Niveoscincus metallicus",NA,"Reptilia"
"319","Yin_et_al_2019","Carinascincus ocellatus",NA,"Reptilia"
"320","Rowinski_and_Rogell_2017","Oncorhynchus gorbuscha",NA,"Actinopterygii"
"321","Rowinski_and_Rogell_2017","Oncorhynchus keta",NA,"Actinopterygii"
"322","Moore_et_al_2019","Oncorhynchus mykiss","data at https://datadryad.org/stash/dataset/doi:10.5061%2Fdryad.360v97q , file m2.main.csv","Actinopterygii"
"323","Rowinski_and_Rogell_2017","Oncorhynchus mykiss",NA,"Actinopterygii"
"324","Rutkowska_et_al_2020","Oncorhynchus mykiss",NA,"Actinopterygii"
"325","Yin_et_al_2019","Oncorhynchus nerka",NA,"Actinopterygii"
"326","Moore_et_al_2019","Oncorhynchus tshawytscha","data at https://datadryad.org/stash/dataset/doi:10.5061%2Fdryad.360v97q , file m2.main.csv","Actinopterygii"
"327","Anastasiadi_et_al_2021","Oncorhynchus tshawytscha",NA,"Actinopterygii"
"328","Rutkowska_et_al_2020","Oncorhynchus tshawytscha",NA,"Actinopterygii"
"329","Yin_et_al_2019","Ophraella notulata",NA,"Insecta"
"330","Rutkowska_et_al_2020","Ophraella notulata",NA,"Insecta"
"331","Rowinski_and_Rogell_2017","Oreochromis niloticus",NA,"Actinopterygii"
"332","Weaver_et_al_2020","Oryctolagus cuniculus","latin names not given but only three species included","Mammalia"
"333","Williams_et_al_2020","Oryctolagus cuniculus","latin names not given but only four species included","Mammalia"
"334","Rutkowska_et_al_2020","Oryctolagus cuniculus",NA,"Mammalia"
"335","Rutkowska_et_al_2020","Oryctolagus cuniculus",NA,"Mammalia"
"336","Berghanel_et_al_2017","Oryctolagus cuniculus","converted from Table S1","Mammalia"
"337","Urban_et_al_2020","Oryctolagus cuniculus","latin names not given but only domestic species in list","Mammalia"
"338","Anastasiadi_et_al_2021","Oryza sativa",NA,"Angiosperm"
"339","Anastasiadi_et_al_2021","Oryza longistaminata",NA,"Angiosperm"
"340","Anastasiadi_et_al_2021","Oryza sativa",NA,"Angiosperm"
"341","Yin_et_al_2019","Oryzias latipes",NA,"Actinopterygii"
"342","Anastasiadi_et_al_2021","Oryzias latipes",NA,"Actinopterygii"
"343","Anastasiadi_et_al_2021","Oryzias melastigma",NA,"Actinopterygii"
"344","Moore_et_al_2019","Ovis aries","data at https://datadryad.org/stash/dataset/doi:10.5061%2Fdryad.360v97q , file m2.main.csv","Mammalia"
"345","Rowinski_and_Rogell_2017","Ovis aries",NA,"Mammalia"
"346","Anastasiadi_et_al_2021","Ovis aries",NA,"Mammalia"
"347","Sartori_et_al_2020","Ovis aries","doesn't explictly state but appears to be focused on domestic sheep","Mammalia"
"348","Thayer_et_al_2018","Ovis aries",NA,"Mammalia"
"349","Grueber_et_al_2017","Ovis aries",NA,"Mammalia"
"350","Veenendaal_et_al_2012","Ovis aries",NA,"Mammalia"
"351","Rutkowska_et_al_2020","Ovis aries",NA,"Mammalia"
"352","Xie_et_al_2016","Ovis aries","Scottish blackface ewe","Mammalia"
"353","Menting_et_al_2018","Ovis aries","latin names not given but only domestic species in list","Mammalia"
"354","Roca_Fraga_et_al_2018","Ovis aries",NA,"Mammalia"
"355","Van_Abeelen_et_al_2012","Ovis aries",NA,"Mammalia"
"356","Lee_et_al_2019","Ovis aries",NA,"Mammalia"
"357","Rooke_et_al_2017","Ovis aries",NA,"Mammalia"
"358","Rooke_et_al_2015","Ovis aries",NA,"Mammalia"
"359","Moore_et_al_2019","Ovis canadensis","data at https://datadryad.org/stash/dataset/doi:10.5061%2Fdryad.360v97q , file m2.main.csv","Mammalia"
"360","Rowinski_and_Rogell_2017","Ovis canadensis",NA,"Mammalia"
"361","Yin_et_al_2019","Palaemonetes pugio",NA,"Malacostraca"
"362","Thayer_et_al_2018","Pan troglodytes",NA,"Mammalia"
"363","Berghanel_et_al_2017","Papio anubis","converted from Table S1","Mammalia"
"364","Lee_et_al_2019","Papio anubis",NA,"Mammalia"
"365","Rowinski_and_Rogell_2017","Cyanistes caeruleus",NA,"Aves"
"366","Moore_et_al_2019","Parus major","data at https://datadryad.org/stash/dataset/doi:10.5061%2Fdryad.360v97q , file m2.main.csv","Aves"
"367","Anastasiadi_et_al_2021","Parus major",NA,"Aves"
"368","Caixeta_et_al_2020","Peringia ulvae",NA,"Gastropoda"
"369","Anastasiadi_et_al_2021","Phodopus sungorus",NA,"Mammalia"
"370","Rutkowska_et_al_2020","Phodopus sungorus",NA,"Mammalia"
"371","Moore_et_al_2019","Phylloscopus nitidus","data at https://datadryad.org/stash/dataset/doi:10.5061%2Fdryad.360v97q , file m2.main.csv","Aves"
"372","Yin_et_al_2019","Physa acuta",NA,"Gastropoda"
"373","Yin_et_al_2019","Physa pomilia",NA,"Gastropoda"
"374","Anastasiadi_et_al_2021","Physa acuta",NA,"Gastropoda"
"375","Caixeta_et_al_2020","Physa acuta",NA,"Gastropoda"
"376","Rutkowska_et_al_2020","Pieris brassicae",NA,"Insecta"
"377","Yin_et_al_2019","Pieris rapae",NA,"Insecta"
"378","Rutkowska_et_al_2020","Pimephales promelas",NA,"Actinopterygii"
"379","Anastasiadi_et_al_2021","Pinus caribaea",NA,"Gymnosperm"
"380","Anastasiadi_et_al_2021","Pinus elliottii",NA,"Gymnosperm"
"381","Yin_et_al_2019","Pinus pinaster",NA,"Gymnosperm"
"382","Anastasiadi_et_al_2021","Pistacia lentiscus",NA,"Angiosperm"
"383","Yin_et_al_2019","Plantago lanceolata",NA,"Angiosperm"
"384","Anastasiadi_et_al_2021","Plantago lanceolata",NA,"Angiosperm"
"385","Rutkowska_et_al_2020","Plantago lanceolata",NA,"Angiosperm"
"386","Yin_et_al_2019","Plantago media",NA,"Angiosperm"
"387","Grueber_et_al_2017","Plodia interpunctella",NA,"Insecta"
"388","Rutkowska_et_al_2020","Plodia interpunctella",NA,"Insecta"
"389","Yin_et_al_2019","Poa pratensis",NA,"Angiosperm"
"390","Yin_et_al_2019","Pocillopora damicornis",NA,"Hexacorallia"
"391","Moore_et_al_2016","Poecilia reticulata","Table S1","Actinopterygii"
"392","Moore_et_al_2016","Poecilia latipinna","Table S1","Actinopterygii"
"393","Moore_et_al_2016","Poecilia mexicana","Table S1","Actinopterygii"
"394","Yin_et_al_2019","Poecilia reticulata",NA,"Actinopterygii"
"395","Rowinski_and_Rogell_2017","Poecilia reticulata",NA,"Actinopterygii"
"396","Rutkowska_et_al_2020","Poecilia reticulata",NA,"Actinopterygii"
"397","Moore_et_al_2016","Poeciliopsis turneri","Table S1","Actinopterygii"
"398","Moore_et_al_2016","Poeciliopsis monacha","Table S1","Actinopterygii"
"399","Moore_et_al_2016","Poeciliopsis prolifica","Table S1","Actinopterygii"
"400","Moore_et_al_2016","Poeciliopsis catemaco","Table S1","Actinopterygii"
"401","Moore_et_al_2016","Poeciliopsis occidentalis","Table S1","Actinopterygii"
"402","Yin_et_al_2019","Persicaria hydropiper",NA,"Angiosperm"
"403","Yin_et_al_2019","Persicaria glabra",NA,"Angiosperm"
"404","Anastasiadi_et_al_2021","Populus beijingensis",NA,"Angiosperm"
"405","Anastasiadi_et_al_2021","Populus deltoides",NA,"Angiosperm"
"406","Anastasiadi_et_al_2021","Populus nigra",NA,"Angiosperm"
"407","Anastasiadi_et_al_2021","Populus nigra",NA,"Angiosperm"
"408","Anastasiadi_et_al_2021","Populus pseudosimonii",NA,"Angiosperm"
"409","Anastasiadi_et_al_2021","Populus trichocarpa",NA,"Angiosperm"
"410","Moore_et_al_2019","Porcellio laevis","data at https://datadryad.org/stash/dataset/doi:10.5061%2Fdryad.360v97q , file m2.main.csv","Malacostraca"
"411","Caixeta_et_al_2020","Potamopyrgus antipodarum",NA,"Gastropoda"
"412","Moore_et_al_2016","Pseudopoecilia festae","Table S1","Actinopterygii"
"413","Rowinski_and_Rogell_2017","Pseudophryne guentheri",NA,"Amphibia"
"414","Moore_et_al_2019","Pungitius pungitius","data at https://datadryad.org/stash/dataset/doi:10.5061%2Fdryad.360v97q , file m2.main.csv","Actinopterygii"
"415","Caixeta_et_al_2020","Racesina luteola",NA,"Gastropoda"
"416","Moore_et_al_2019","Rana arvalis","data at https://datadryad.org/stash/dataset/doi:10.5061%2Fdryad.360v97q , file m2.main.csv","Amphibia"
"417","Rowinski_and_Rogell_2017","Rana lessonae",NA,"Amphibia"
"418","Moore_et_al_2019","Rana temporaria","data at https://datadryad.org/stash/dataset/doi:10.5061%2Fdryad.360v97q , file m2.main.csv","Amphibia"
"419","Rowinski_and_Rogell_2017","Rana temporaria",NA,"Amphibia"
"420","Yin_et_al_2019","Raphanus raphanistrum",NA,"Angiosperm"
"421","Yin_et_al_2019","Rattus norvegicus",NA,"Mammalia"
"422","Yin_et_al_2019","Rattus norvegicus",NA,"Mammalia"
"423","Yin_et_al_2019","Rattus norvegicus",NA,"Mammalia"
"424","Besson_et_al_2015","Rattus norvegicus",NA,"Mammalia"
"425","Lagisz_et_al_2014","Rattus norvegicus",NA,"Mammalia"
"426","Lagisz_et_al_2015","Rattus norvegicus",NA,"Mammalia"
"427","Burgueno_et_al_2020","Rattus norvegicus",NA,"Mammalia"
"428","Ainge_et_al_2011","Rattus norvegicus",NA,"Mammalia"
"429","Ribaroff_et_al_2017","Rattus norvegicus",NA,"Mammalia"
"430","Vesterinen_et_al_2017","Rattus norvegicus","Does not provide species list of species inclusion criteria but specifically discusses results on rats and mice","Mammalia"
"431","English_and_Uller_2016","Rattus norvegicus","only included non insect studies as insect studies manipulated environment as larvae","Mammalia"
"432","Bonapersona_et_al_2018","Rattus norvegicus",NA,"Mammalia"
"433","Assis_et_al_2010","Rattus norvegicus",NA,"Mammalia"
"434","Christians_et_al_2019","Rattus norvegicus",NA,"Mammalia"
"435","Sparling_et_al_2020","Rattus norvegicus",NA,"Mammalia"
"436","Anastasiadi_et_al_2021","Rattus norvegicus",NA,"Mammalia"
"437","Negri_et_al_2017","Rattus norvegicus",NA,"Mammalia"
"438","Weaver_et_al_2020","Rattus norvegicus","latin names not given but only three species included","Mammalia"
"439","Williams_et_al_2018","Rattus norvegicus","latin names not given but only four species included","Mammalia"
"440","Thayer_et_al_2018","Rattus norvegicus",NA,"Mammalia"
"441","Grueber_et_al_2017","Rattus norvegicus",NA,"Mammalia"
"442","Veenendaal_et_al_2012","Rattus norvegicus",NA,"Mammalia"
"443","Rutkowska_et_al_2020","Rattus norvegicus",NA,"Mammalia"
"444","Rutkowska_et_al_2020","Rattus norvegicus",NA,"Mammalia"
"445","da_Silva_et_al_2021","Rattus norvegicus",NA,"Mammalia"
"446","Xie_et_al_2016","Rattus norvegicus",NA,"Mammalia"
"447","Brasil_et_al_2017","Rattus norvegicus",NA,"Mammalia"
"448","Menting_et_al_2018","Rattus norvegicus","latin names not given but only domestic species in list","Mammalia"
"449","Morahan_et_al_2020","Rattus norvegicus",NA,"Mammalia"
"450","Hoek_et_al_2020","Rattus norvegicus","based on Table 1","Mammalia"
"451","Goncalves_et_al_2021","Rattus norvegicus",NA,"Mammalia"
"452","Rochester_et_al_2018","Rattus norvegicus","converted from Table S1","Mammalia"
"453","Berghanel_et_al_2017","Rattus norvegicus","converted from Table S1","Mammalia"
"454","Chaves_et_al_2020","Rattus norvegicus",NA,"Mammalia"
"455","Christians_et_al_2021","Rattus norvegicus",NA,"Mammalia"
"456","Urban_et_al_2020","Rattus norvegicus","latin names not given but only domestic species in list","Mammalia"
"457","Dorman_et_al_2018","Rattus norvegicus",NA,"Mammalia"
"458","Tellechea_et_al_2017","Rattus norvegicus",NA,"Mammalia"
"459","Muhlhausler_et_al_2011","Rattus norvegicus",NA,"Mammalia"
"460","Van_Abeelen_et_al_2012","Rattus norvegicus",NA,"Mammalia"
"461","Pet_and_Brouwer-Brolsma_2016","Rattus norvegicus",NA,"Mammalia"
"462","Menting_et_al_2019","Rattus norvegicus",NA,"Mammalia"
"463","Lee_et_al_2019","Rattus norvegicus",NA,"Mammalia"
"464","Badihian_et_al_2020","Rattus norvegicus",NA,"Mammalia"
"465","Van_Cauwenbergh_et_al_2020","Rattus norvegicus",NA,"Mammalia"
"466","Anwer_et_al_2021","Rattus norvegicus",NA,"Mammalia"
"467","Moraes-Sousa_et_al_2021","Rattus norvegicus",NA,"Mammalia"
"468","Morahan_et_al_2020_2","Rattus norvegicus",NA,"Mammalia"
"469","Yost_et_al_2019","Rattus norvegicus",NA,"Mammalia"
"470","Anastasiadi_et_al_2021","Ricinus communis",NA,"Angiosperm"
"471","Yin_et_al_2019","Saccostrea glomerata",NA,"Bivalvia"
"472","Yin_et_al_2019","Saissetia coffeae",NA,"Insecta"
"473","Yin_et_al_2019","Salmo salar",NA,"Actinopterygii"
"474","Moore_et_al_2019","Salmo salar","data at https://datadryad.org/stash/dataset/doi:10.5061%2Fdryad.360v97q , file m2.main.csv","Actinopterygii"
"475","Anastasiadi_et_al_2021","Salmo salar",NA,"Actinopterygii"
"476","Rutkowska_et_al_2020","Salmo salar",NA,"Actinopterygii"
"477","Rowinski_and_Rogell_2017","Salmo trutta",NA,"Actinopterygii"
"478","Rowinski_and_Rogell_2017","Salvelinus alpinus",NA,"Actinopterygii"
"479","Moore_et_al_2019","Salvelinus fontinalis","data at https://datadryad.org/stash/dataset/doi:10.5061%2Fdryad.360v97q , file m2.main.csv","Actinopterygii"
"480","Moore_et_al_2019","Saxicola rubicola","data at https://datadryad.org/stash/dataset/doi:10.5061%2Fdryad.360v97q , file m2.main.csv","Aves"
"481","Moore_et_al_2019","Scathophaga stercoraria","data at https://datadryad.org/stash/dataset/doi:10.5061%2Fdryad.360v97q , file m2.main.csv","Insecta"
"482","Yin_et_al_2019","Schizachyrium scoparium",NA,"Angiosperm"
"483","Berghanel_et_al_2017","Sciurus vulgaris","converted from Table S1","Mammalia"
"484","Yin_et_al_2019","Sclerodermus pupariae",NA,"Insecta"
"485","Rowinski_and_Rogell_2017","Scophthalmus maximus",NA,"Actinopterygii"
"486","Rutkowska_et_al_2020","Sepsis punctum",NA,"Insecta"
"487","Anastasiadi_et_al_2021","Sialia sialis",NA,"Aves"
"488","Yin_et_al_2019","Sitobion avenae",NA,"Insecta"
"489","Anastasiadi_et_al_2021","Solanum demissum",NA,"Angiosperm"
"490","Anastasiadi_et_al_2021","Solanum lycopersicum",NA,"Angiosperm"
"491","Anastasiadi_et_al_2021","Solanum pimpinellifolium",NA,"Angiosperm"
"492","Snell_et_al_2012","Solanum tuberosum",NA,"Angiosperm"
"493","Anastasiadi_et_al_2021","Solanum tuberosum",NA,"Angiosperm"
"494","Rutkowska_et_al_2020","Solidago altissima",NA,"Angiosperm"
"495","Yin_et_al_2019","Sorghum bicolor",NA,"Angiosperm"
"496","Anastasiadi_et_al_2021","Sparus aurata",NA,"Actinopterygii"
"497","Moore_et_al_2019","Spodoptera littoralis","data at https://datadryad.org/stash/dataset/doi:10.5061%2Fdryad.360v97q , file m2.main.csv","Insecta"
"498","Moore_et_al_2019","Stegastes partitus","data at https://datadryad.org/stash/dataset/doi:10.5061%2Fdryad.360v97q , file m2.main.csv","Actinopterygii"
"499","Yin_et_al_2019","Stator limbatus",NA,"Insecta"
"500","Rutkowska_et_al_2020","Stator limbatus",NA,"Insecta"
"501","Yin_et_al_2019","Stipa krylovii",NA,"Angiosperm"
"502","Rowinski_and_Rogell_2017","Mesocentrotus franciscanus",NA,"Echinoidea"
"503","Rutkowska_et_al_2020","Strongylocentrotus intermedius",NA,"Echinoidea"
"504","Rutkowska_et_al_2020","Strongylocentrotus intermedius",NA,"Echinoidea"
"505","Moore_et_al_2019","Strongylocentrotus purpuratus","data at https://datadryad.org/stash/dataset/doi:10.5061%2Fdryad.360v97q , file m2.main.csv","Echinoidea"
"506","Anastasiadi_et_al_2021","Strongylocentrotus purpuratus",NA,"Echinoidea"
"507","Yin_et_al_2019","Styela plicata",NA,"Ascidiacea"
"508","Rutkowska_et_al_2020","Styela plicata",NA,"Ascidiacea"
"509","Palencia_et_al_2015","Sus scrofa","Does not specify species but is implied that its domestic pigs","Mammalia"
"510","Menting_et_al_2018","Sus scrofa","latin names not given but only domestic species in list","Mammalia"
"511","Berghanel_et_al_2017","Sus scrofa","converted from Table S1","Mammalia"
"512","Thayer_et_al_2018","Sus scrofa",NA,"Mammalia"
"513","Grueber_et_al_2017","Sus scrofa",NA,"Mammalia"
"514","Anastasiadi_et_al_2021","Sus scrofa",NA,"Mammalia"
"515","Moore_et_al_2019","Sylvia atricapilla","data at https://datadryad.org/stash/dataset/doi:10.5061%2Fdryad.360v97q , file m2.main.csv","Aves"
"516","Rutkowska_et_al_2020","Syngnathus typhle",NA,"Actinopterygii"
"517","Yin_et_al_2019","Tachycineta bicolor",NA,"Aves"
"518","Yin_et_al_2019","Tachyporus hypnorum",NA,"Insecta"
"519","Yin_et_al_2019","Taeniopygia guttata",NA,"Aves"
"520","Moore_et_al_2019","Taeniopygia guttata","data at https://datadryad.org/stash/dataset/doi:10.5061%2Fdryad.360v97q , file m2.main.csv","Aves"
"521","Rutkowska_et_al_2020","Taeniopygia guttata",NA,"Aves"
"522","Yin_et_al_2019","Tamiasciurus hudsonicus",NA,"Mammalia"
"523","Anastasiadi_et_al_2021","Tanacetum vulgare",NA,"Angiosperm"
"524","Anastasiadi_et_al_2021","Taraxacum alatum",NA,"Angiosperm"
"525","Anastasiadi_et_al_2021","Taraxacum hemicyclum",NA,"Angiosperm"
"526","Anastasiadi_et_al_2021","Taraxacum officinale",NA,"Angiosperm"
"527","Rowinski_and_Rogell_2017","Teleogryllus oceanicus",NA,"Insecta"
"528","Rutkowska_et_al_2020","Teleogryllus oceanicus",NA,"Insecta"
"529","Yin_et_al_2019","Telostylinus angusticollis",NA,"Insecta"
"530","Rutkowska_et_al_2020","Telostylinus angusticollis",NA,"Insecta"
"531","Moore_et_al_2019","Temnothorax curvispinosus","data at https://datadryad.org/stash/dataset/doi:10.5061%2Fdryad.360v97q , file m2.main.csv","Insecta"
"532","Rutkowska_et_al_2020","Tenebrio molitor",NA,"Insecta"
"533","Thayer_et_al_2018","Thamnophis elegans",NA,"Reptilia"
"534","Caixeta_et_al_2020","Theba pisana",NA,"Gastropoda"
"535","Yin_et_al_2019","Thlaspi arvense",NA,"Angiosperm"
"536","Anastasiadi_et_al_2021","Thlaspi arvense",NA,"Angiosperm"
"537","Yin_et_al_2019","Tigriopus japonicus",NA,"Hexanauplia"
"538","Rutkowska_et_al_2020","Tribolium castaneum",NA,"Insecta"
"539","Yin_et_al_2019","Trichogramma telengai",NA,"Insecta"
"540","Grueber_et_al_2017","Trichoplusia ni",NA,"Insecta"
"541","Yin_et_al_2019","Trifolium repens",NA,"Angiosperm"
"542","Anastasiadi_et_al_2021","Trifolium repens",NA,"Angiosperm"
"543","Anastasiadi_et_al_2021","Triticum turgidum",NA,"Angiosperm"
"544","Grueber_et_al_2017","Tscherskia triton",NA,"Mammalia"
"545","Moore_et_al_2019","Urocitellus columbianus","data at https://datadryad.org/stash/dataset/doi:10.5061%2Fdryad.360v97q , file m2.main.csv","Mammalia"
"546","Moore_et_al_2019","Uta stansburiana","data at https://datadryad.org/stash/dataset/doi:10.5061%2Fdryad.360v97q , file m2.main.csv","Reptilia"
"547","Yin_et_al_2019","Verbascum thapsus",NA,"Angiosperm"
"548","Yin_et_al_2019","Veronica alpina",NA,"Angiosperm"
"549","Moore_et_al_2019","Vipera ursinii","data at https://datadryad.org/stash/dataset/doi:10.5061%2Fdryad.360v97q , file m2.main.csv","Reptilia"
"550","Moore_et_al_2019","Xenochrophis piscator","data at https://datadryad.org/stash/dataset/doi:10.5061%2Fdryad.360v97q , file m2.main.csv","Reptilia"
"551","Rutkowska_et_al_2020","Xenopus laevis",NA,"Amphibia"
"552","Snell_et_al_2012","Zea mays",NA,"Angiosperm"
"553","Anastasiadi_et_al_2021","Zea mays",NA,"Angiosperm"
